<rules><DataRequest advanced="true" custId="1" dataCreationType="USER" dbId="1336683" debug="false" entityVersion="169" fireInternalIncident="true" functionCategory="Security" id="1336683" phIncidentCategory="Network" subFunction="PH_RULE_SECURITY_DDoS" type="Rule">
<Name>Flowmon Amplified denial of service attack/REFLECTDOS</Name>
<Description>Amplified denial of service attack</Description>
<Remediation/>
<CustomerScope groupByEachCustomer="true">
<Include>1</Include>
<Exclude/>
</CustomerScope>
<PatternClause window="300">
<SubPattern id="1336733" name="Filter_REFLECTDOS">
<SingleEvtConstr>eventType = "Flowmon-ADS-Amplified-denial-of-service-attack"</SingleEvtConstr>
<GroupEvtConstr>COUNT(*) &gt;= 1</GroupEvtConstr>
<GroupByAttr>srcIpAddr,destIpAddr,srcMACAddr</GroupByAttr>
</SubPattern>
</PatternClause>
<IncidentDef eventType="Flowmon_Amplified_denial_of_service_attack_REFLECTDOS" eventTypeGroup="PH_SYS_EVENT_PH_RULE_SEC" fireFreq="3600" severity="9">
<ArgList>srcIpAddr=Filter_REFLECTDOS.srcIpAddr,destIpAddr=Filter_REFLECTDOS.destIpAddr,srcMACAddr=Filter_REFLECTDOS.srcMACAddr</ArgList>
</IncidentDef>
<DynWatchListDef/>
<userRoles>
<roles custId="1">1175150</roles>
</userRoles>
<TriggerEventDisplay>
<AttrList>phRecvTime,categoryType,srcIpAddr,destIpAddr,startTime,msg,extEventId</AttrList>
</TriggerEventDisplay>
</DataRequest>
<DataRequest advanced="true" custId="1" dataCreationType="USER" dbId="1336657" debug="false" entityVersion="124" fireInternalIncident="true" functionCategory="Security" id="1336657" phIncidentCategory="Network" subFunction="PH_RULE_SECURITY_Behavioral_Anomaly" type="Rule">
<Name>Flowmon Behavior anomaly/ANOMALY</Name>
<Description>Flowmon Behavior anomaly</Description>
<Remediation/>
<CustomerScope groupByEachCustomer="true">
<Include>1</Include>
<Exclude/>
</CustomerScope>
<PatternClause window="300">
<SubPattern id="1336707" name="Filter_ANOMALY">
<SingleEvtConstr>eventType = "Flowmon-ADS-Behavior-anomaly"</SingleEvtConstr>
<GroupEvtConstr>COUNT(*) &gt;= 1</GroupEvtConstr>
<GroupByAttr>srcIpAddr,destIpAddr,srcMACAddr</GroupByAttr>
</SubPattern>
</PatternClause>
<IncidentDef eventType="Flowmon_Behavior_anomaly_ANOMALY" eventTypeGroup="PH_SYS_EVENT_PH_RULE_SEC" fireFreq="3600" severity="5">
<ArgList>srcIpAddr=Filter_ANOMALY.srcIpAddr,destIpAddr=Filter_ANOMALY.destIpAddr,srcMACAddr=Filter_ANOMALY.srcMACAddr</ArgList>
</IncidentDef>
<DynWatchListDef/>
<userRoles>
<roles custId="1">1175150</roles>
</userRoles>
<TriggerEventDisplay>
<AttrList>phRecvTime,categoryType,srcIpAddr,destIpAddr,startTime,msg,extEventId</AttrList>
</TriggerEventDisplay>
</DataRequest>
<DataRequest advanced="true" custId="1" dataCreationType="USER" dbId="1336652" debug="false" entityVersion="48" fireInternalIncident="true" functionCategory="Security" id="1336652" phIncidentCategory="Network" subFunction="PH_RULE_SECURITY_Policy_Violation" type="Rule">
<Name>Flowmon BitTorrent traffic/BITTORRENT</Name>
<Description>Flowmon BitTorrent traffic</Description>
<Remediation/>
<CustomerScope groupByEachCustomer="true">
<Include>1</Include>
<Exclude/>
</CustomerScope>
<PatternClause window="300">
<SubPattern id="1336702" name="Filter_BITTORRENT">
<SingleEvtConstr>eventType = "Flowmon-ADS-BitTorrent-traffic"</SingleEvtConstr>
<GroupEvtConstr>COUNT(*) &gt;= 1</GroupEvtConstr>
<GroupByAttr>srcMACAddr,destIpAddr,srcIpAddr</GroupByAttr>
</SubPattern>
</PatternClause>
<IncidentDef eventType="Flowmon_BitTorrent_traffic_BITTORRENT" eventTypeGroup="PH_SYS_EVENT_PH_RULE_SEC" fireFreq="3600" severity="7">
<ArgList>srcIpAddr=Filter_BITTORRENT.srcIpAddr,destIpAddr=Filter_BITTORRENT.destIpAddr,srcMACAddr=Filter_BITTORRENT.srcMACAddr</ArgList>
</IncidentDef>
<DynWatchListDef/>
<userRoles>
<roles custId="1">1175150</roles>
</userRoles>
<TriggerEventDisplay>
<AttrList>phRecvTime,categoryType,srcIpAddr,destIpAddr,startTime,msg,extEventId</AttrList>
</TriggerEventDisplay>
</DataRequest>
<DataRequest advanced="true" custId="1" dataCreationType="USER" dbId="1336688" debug="false" entityVersion="179" fireInternalIncident="true" functionCategory="Availability" id="1336688" phIncidentCategory="Network" subFunction="PH_RULE_Availability_Environmental" type="Rule">
<Name>Flowmon Broken sensor/BROKENSEN</Name>
<Description>Broken sensor</Description>
<Remediation/>
<CustomerScope groupByEachCustomer="true">
<Include>1</Include>
<Exclude/>
</CustomerScope>
<PatternClause window="300">
<SubPattern id="1336738" name="Filter_BROKENSEN">
<SingleEvtConstr>eventType = "Flowmon-ADS-Broken-sensor"</SingleEvtConstr>
<GroupEvtConstr>COUNT(*) &gt;= 1</GroupEvtConstr>
<GroupByAttr>srcMACAddr,destIpAddr,srcIpAddr</GroupByAttr>
</SubPattern>
</PatternClause>
<IncidentDef eventType="Flowmon_Broken_sensor_BROKENSEN" eventTypeGroup="PH_SYS_EVENT_PH_RULE_AVAIL" fireFreq="3600" severity="1">
<ArgList>srcIpAddr=Filter_BROKENSEN.srcIpAddr,destIpAddr=Filter_BROKENSEN.destIpAddr,srcMACAddr=Filter_BROKENSEN.srcMACAddr</ArgList>
</IncidentDef>
<DynWatchListDef/>
<userRoles>
<roles custId="1">1175150</roles>
</userRoles>
<TriggerEventDisplay>
<AttrList>phRecvTime,categoryType,srcIpAddr,destIpAddr,startTime,msg,extEventId</AttrList>
</TriggerEventDisplay>
</DataRequest>
<DataRequest advanced="true" custId="1" dataCreationType="USER" dbId="1336676" debug="false" entityVersion="154" fireInternalIncident="true" functionCategory="Security" id="1336676" phIncidentCategory="Network" subFunction="PH_RULE_SECURITY_Suspicious_Activity" type="Rule">
<Name>Flowmon Communication with blacklisted hosts/BLACKLIST</Name>
<Description>Communication with blacklisted hosts</Description>
<Remediation/>
<CustomerScope groupByEachCustomer="true">
<Include>1</Include>
<Exclude/>
</CustomerScope>
<PatternClause window="300">
<SubPattern id="1336726" name="Filter_BLACKLIST">
<SingleEvtConstr>eventType = "Flowmon-ADS-Communication-with-blacklisted-hosts"</SingleEvtConstr>
<GroupEvtConstr>COUNT(*) &gt;= 1</GroupEvtConstr>
<GroupByAttr>srcMACAddr,destIpAddr,srcIpAddr</GroupByAttr>
</SubPattern>
</PatternClause>
<IncidentDef eventType="Flowmon_Communication_with_blacklisted_hosts_BLACKLIST" eventTypeGroup="PH_SYS_EVENT_PH_RULE_SEC" fireFreq="3600" severity="8">
<ArgList>srcIpAddr=Filter_BLACKLIST.srcIpAddr,destIpAddr=Filter_BLACKLIST.destIpAddr,srcMACAddr=Filter_BLACKLIST.srcMACAddr</ArgList>
</IncidentDef>
<DynWatchListDef/>
<userRoles>
<roles custId="1">1175150</roles>
</userRoles>
<TriggerEventDisplay>
<AttrList>phRecvTime,categoryType,srcIpAddr,destIpAddr,startTime,msg,extEventId</AttrList>
</TriggerEventDisplay>
</DataRequest>
<DataRequest advanced="true" custId="1" dataCreationType="USER" dbId="1336653" debug="false" entityVersion="59" fireInternalIncident="true" functionCategory="Security" id="1336653" phIncidentCategory="Network" subFunction="PH_RULE_SECURITY_Suspicious_Activity" type="Rule">
<Name>Flowmon Country reputation/COUNTRY</Name>
<Description>Flowmon Country reputation</Description>
<Remediation/>
<CustomerScope groupByEachCustomer="true">
<Include>1</Include>
<Exclude/>
</CustomerScope>
<PatternClause window="300">
<SubPattern id="1336703" name="Filter_COUNTRY">
<SingleEvtConstr>eventType = "Flowmon-ADS-Country-reputation"</SingleEvtConstr>
<GroupEvtConstr>COUNT(*) &gt;= 1</GroupEvtConstr>
<GroupByAttr>srcIpAddr,destIpAddr,srcMACAddr</GroupByAttr>
</SubPattern>
</PatternClause>
<IncidentDef eventType="Flowmon_Country_reputation_COUNTRY" eventTypeGroup="PH_SYS_EVENT_PH_RULE_SEC" fireFreq="3600" severity="7">
<ArgList>srcIpAddr=Filter_COUNTRY.srcIpAddr,destIpAddr=Filter_COUNTRY.destIpAddr,srcMACAddr=Filter_COUNTRY.srcMACAddr</ArgList>
</IncidentDef>
<DynWatchListDef/>
<userRoles>
<roles custId="1">1175150</roles>
</userRoles>
<TriggerEventDisplay>
<AttrList>phRecvTime,categoryType,srcIpAddr,destIpAddr,startTime,msg,extEventId</AttrList>
</TriggerEventDisplay>
</DataRequest>
<DataRequest advanced="true" custId="1" dataCreationType="USER" dbId="1336670" debug="false" entityVersion="141" fireInternalIncident="true" functionCategory="Security" id="1336670" phIncidentCategory="Network" subFunction="PH_RULE_SECURITY_Network" type="Rule">
<Name>Flowmon DHCP anomaly/DHCPANOM</Name>
<Description>DHCP anomaly</Description>
<Remediation/>
<CustomerScope groupByEachCustomer="true">
<Include>1</Include>
<Exclude/>
</CustomerScope>
<PatternClause window="300">
<SubPattern id="1336720" name="Filter_DHCPANOM">
<SingleEvtConstr>eventType = "Flowmon-ADS-DHCP-anomaly"</SingleEvtConstr>
<GroupEvtConstr>COUNT(*) &gt;= 1</GroupEvtConstr>
<GroupByAttr>srcMACAddr,destIpAddr,srcIpAddr</GroupByAttr>
</SubPattern>
</PatternClause>
<IncidentDef eventType="Flowmon_DHCP_anomaly_DHCPANOM" eventTypeGroup="PH_SYS_EVENT_PH_RULE_SEC" fireFreq="3600" severity="6">
<ArgList>srcIpAddr=Filter_DHCPANOM.srcIpAddr,destIpAddr=Filter_DHCPANOM.destIpAddr,srcMACAddr=Filter_DHCPANOM.srcMACAddr</ArgList>
</IncidentDef>
<DynWatchListDef/>
<userRoles>
<roles custId="1">1175150</roles>
</userRoles>
<TriggerEventDisplay>
<AttrList>phRecvTime,categoryType,srcIpAddr,destIpAddr,startTime,msg,extEventId</AttrList>
</TriggerEventDisplay>
</DataRequest>
<DataRequest advanced="true" custId="1" dbId="1336651" debug="false" entityVersion="37" fireInternalIncident="true" functionCategory="Security" id="1336651" phIncidentCategory="Network" subFunction="PH_RULE_SECURITY_Network" type="Rule">
<Name>Flowmon DNS anomaly/DNSANOMALY</Name>
<Description>Flowmon DNS anomaly</Description>
<Remediation/>
<CustomerScope groupByEachCustomer="true">
<Include>1</Include>
<Exclude/>
</CustomerScope>
<PatternClause window="300">
<SubPattern id="1336701" name="Filter_DNSANOMALY">
<SingleEvtConstr>eventType = "Flowmon-ADS-DNS-traffic-anomaly"</SingleEvtConstr>
<GroupEvtConstr>COUNT(*) &gt;= 1</GroupEvtConstr>
<GroupByAttr>srcIpAddr,destIpAddr,srcMACAddr</GroupByAttr>
</SubPattern>
</PatternClause>
<IncidentDef eventType="Flowmon_DNS_anomaly" eventTypeGroup="PH_SYS_EVENT_PH_RULE_SEC" fireFreq="3600" severity="7">
<ArgList>srcIpAddr=Filter_DNSANOMALY.srcIpAddr,destIpAddr=Filter_DNSANOMALY.destIpAddr,srcMACAddr=Filter_DNSANOMALY.srcMACAddr</ArgList>
</IncidentDef>
<DynWatchListDef/>
<userRoles>
<roles custId="1">1175150</roles>
</userRoles>
<TriggerEventDisplay>
<AttrList>phRecvTime,categoryType,srcIpAddr,destIpAddr,startTime,msg,extEventId</AttrList>
</TriggerEventDisplay>
</DataRequest>
<DataRequest advanced="true" custId="1" dataCreationType="USER" dbId="1336677" debug="false" entityVersion="156" fireInternalIncident="true" functionCategory="Security" id="1336677" phIncidentCategory="Network" subFunction="PH_RULE_SECURITY_Behavioral_Anomaly" type="Rule">
<Name>Flowmon DNS query volume anomaly/DNSQUERY</Name>
<Description>DNS query volume anomaly</Description>
<Remediation/>
<CustomerScope groupByEachCustomer="true">
<Include>1</Include>
<Exclude/>
</CustomerScope>
<PatternClause window="300">
<SubPattern id="1336727" name="Filter_DNSQUERY">
<SingleEvtConstr>eventType = "Flowmon-ADS-DNS-query-volume-anomaly"</SingleEvtConstr>
<GroupEvtConstr>COUNT(*) &gt;= 1</GroupEvtConstr>
<GroupByAttr>srcIpAddr,destIpAddr,srcMACAddr</GroupByAttr>
</SubPattern>
</PatternClause>
<IncidentDef eventType="Flowmon_DNS_query_volume_anomaly_DNSQUERY" eventTypeGroup="PH_SYS_EVENT_PH_RULE_SEC" fireFreq="3600" severity="4">
<ArgList>srcIpAddr=Filter_DNSQUERY.srcIpAddr,destIpAddr=Filter_DNSQUERY.destIpAddr,srcMACAddr=Filter_DNSQUERY.srcMACAddr</ArgList>
</IncidentDef>
<DynWatchListDef/>
<userRoles>
<roles custId="1">1175150</roles>
</userRoles>
<TriggerEventDisplay>
<AttrList>phRecvTime,categoryType,srcIpAddr,destIpAddr,startTime,msg,extEventId</AttrList>
</TriggerEventDisplay>
</DataRequest>
<DataRequest advanced="true" custId="1" dataCreationType="USER" dbId="1336662" debug="false" entityVersion="179" fireInternalIncident="true" functionCategory="Other" id="1336662" phIncidentCategory="Network" subFunction="PH_RULE_Other_Suspicious_Activity" type="Rule">
<Name>Flowmon DNS reverse records missing/DNSREVERSE</Name>
<Description>DNS reverse records missing</Description>
<Remediation/>
<CustomerScope groupByEachCustomer="true">
<Include>1</Include>
<Exclude/>
</CustomerScope>
<PatternClause window="300">
<SubPattern id="1336712" name="Filter_DNSREVERSE">
<SingleEvtConstr>eventType = "Flowmon-ADS-DNS-reverse-records-missing"</SingleEvtConstr>
<GroupEvtConstr>COUNT(*) &gt;= 1</GroupEvtConstr>
<GroupByAttr>srcMACAddr,destIpAddr,srcIpAddr</GroupByAttr>
</SubPattern>
</PatternClause>
<IncidentDef eventType="Flowmon_DNS_reverse_records_missing_DNSREVERSE" eventTypeGroup="PH_SYS_EVENT_PH_RULE" fireFreq="3600" severity="1">
<ArgList>srcIpAddr=Filter_DNSREVERSE.srcIpAddr,destIpAddr=Filter_DNSREVERSE.destIpAddr,srcMACAddr=Filter_DNSREVERSE.srcMACAddr</ArgList>
</IncidentDef>
<DynWatchListDef/>
<userRoles>
<roles custId="1">1175150</roles>
</userRoles>
<TriggerEventDisplay>
<AttrList>phRecvTime,categoryType,srcIpAddr,destIpAddr,startTime,msg,extEventId</AttrList>
</TriggerEventDisplay>
</DataRequest>
<DataRequest advanced="true" custId="1" dataCreationType="USER" dbId="1336686" debug="false" entityVersion="175" fireInternalIncident="true" functionCategory="Security" id="1336686" phIncidentCategory="Network" subFunction="PH_RULE_SECURITY_EXFILTRATION" type="Rule">
<Name>Flowmon Data upload anomaly/UPLOAD</Name>
<Description>Data upload anomaly</Description>
<Remediation/>
<CustomerScope groupByEachCustomer="true">
<Include>1</Include>
<Exclude/>
</CustomerScope>
<PatternClause window="300">
<SubPattern id="1336736" name="Filter_UPLOAD">
<SingleEvtConstr>eventType = "Flowmon-ADS-Data-upload-anomaly"</SingleEvtConstr>
<GroupEvtConstr>COUNT(*) &gt;= 1</GroupEvtConstr>
<GroupByAttr>srcMACAddr,destIpAddr,srcIpAddr</GroupByAttr>
</SubPattern>
</PatternClause>
<IncidentDef eventType="Flowmon_Data_upload_anomaly_UPLOAD" eventTypeGroup="PH_SYS_EVENT_PH_RULE_SEC" fireFreq="3600" severity="9">
<ArgList>srcIpAddr=Filter_UPLOAD.srcIpAddr,destIpAddr=Filter_UPLOAD.destIpAddr,srcMACAddr=Filter_UPLOAD.srcMACAddr</ArgList>
</IncidentDef>
<DynWatchListDef/>
<userRoles>
<roles custId="1">1175150</roles>
</userRoles>
<TriggerEventDisplay>
<AttrList>phRecvTime,categoryType,srcIpAddr,destIpAddr,startTime,msg,extEventId</AttrList>
</TriggerEventDisplay>
</DataRequest>
<DataRequest advanced="true" custId="1" dataCreationType="USER" dbId="1336689" debug="false" entityVersion="181" fireInternalIncident="true" functionCategory="Security" id="1336689" phIncidentCategory="Network" subFunction="PH_RULE_SECURITY_DoS" type="Rule">
<Name>Flowmon Denial of service attack/DOS</Name>
<Description>Denial of service attack</Description>
<Remediation/>
<CustomerScope groupByEachCustomer="true">
<Include>1</Include>
<Exclude/>
</CustomerScope>
<PatternClause window="300">
<SubPattern id="1336739" name="Filter_DOS">
<SingleEvtConstr>eventType = "Flowmon-ADS-Denial-of-service-attack"</SingleEvtConstr>
<GroupEvtConstr>COUNT(*) &gt;= 1</GroupEvtConstr>
<GroupByAttr>srcIpAddr,destIpAddr,srcMACAddr</GroupByAttr>
</SubPattern>
</PatternClause>
<IncidentDef eventType="Flowmon_Denial_of_service_attack_DOS" eventTypeGroup="PH_SYS_EVENT_PH_RULE_SEC" fireFreq="3600" severity="9">
<ArgList>srcIpAddr=Filter_DOS.srcIpAddr,destIpAddr=Filter_DOS.destIpAddr,srcMACAddr=Filter_DOS.srcMACAddr</ArgList>
</IncidentDef>
<DynWatchListDef/>
<userRoles>
<roles custId="1">1175150</roles>
</userRoles>
<TriggerEventDisplay>
<AttrList>phRecvTime,categoryType,srcIpAddr,destIpAddr,startTime,msg,extEventId</AttrList>
</TriggerEventDisplay>
</DataRequest>
<DataRequest advanced="true" custId="1" dataCreationType="USER" dbId="1336663" debug="false" entityVersion="190" fireInternalIncident="true" functionCategory="Security" id="1336663" phIncidentCategory="Network" subFunction="PH_RULE_SECURITY_CRED_ACCESS" type="Rule">
<Name>Flowmon Dictionary attacks/DICTATTACK</Name>
<Description>Dictionary attacks</Description>
<Remediation/>
<CustomerScope groupByEachCustomer="true">
<Include>1</Include>
<Exclude/>
</CustomerScope>
<PatternClause window="300">
<SubPattern id="1336713" name="Filter_DICTATTACK">
<SingleEvtConstr>eventType = "Flowmon-ADS-Dictionary-attacks"</SingleEvtConstr>
<GroupEvtConstr>COUNT(*) &gt;= 1</GroupEvtConstr>
<GroupByAttr>srcIpAddr,destIpAddr,srcMACAddr</GroupByAttr>
</SubPattern>
</PatternClause>
<IncidentDef eventType="Flowmon_Dictionary_attacks_DICTATTACK" eventTypeGroup="PH_SYS_EVENT_PH_RULE_SEC" fireFreq="3600" severity="8">
<ArgList>srcIpAddr=Filter_DICTATTACK.srcIpAddr,destIpAddr=Filter_DICTATTACK.destIpAddr,srcMACAddr=Filter_DICTATTACK.srcMACAddr</ArgList>
</IncidentDef>
<DynWatchListDef/>
<userRoles>
<roles custId="1">1175150</roles>
</userRoles>
<TriggerEventDisplay>
<AttrList>phRecvTime,categoryType,srcIpAddr,destIpAddr,startTime,msg,extEventId</AttrList>
</TriggerEventDisplay>
</DataRequest>
<DataRequest advanced="true" custId="1" dataCreationType="USER" dbId="1336654" debug="false" entityVersion="79" fireInternalIncident="true" functionCategory="Security" id="1336654" phIncidentCategory="Network" subFunction="PH_RULE_SECURITY_Policy_Violation" type="Rule">
<Name>Flowmon Direct internet communication/DIRINET</Name>
<Description>Flowmon Direct internet communication</Description>
<Remediation/>
<CustomerScope groupByEachCustomer="true">
<Include>1</Include>
<Exclude/>
</CustomerScope>
<PatternClause window="300">
<SubPattern id="1336704" name="Filter_DIRINET">
<SingleEvtConstr>eventType = "Flowmon-ADS-Direct-internet-communication"</SingleEvtConstr>
<GroupEvtConstr>COUNT(*) &gt;= 1</GroupEvtConstr>
<GroupByAttr>srcMACAddr,destIpAddr,srcIpAddr</GroupByAttr>
</SubPattern>
</PatternClause>
<IncidentDef eventType="Flowmon_Direct_internet_communication_DIRINET" eventTypeGroup="PH_SYS_EVENT_PH_RULE_SEC" fireFreq="3600" severity="8">
<ArgList>srcIpAddr=Filter_DIRINET.srcIpAddr,destIpAddr=Filter_DIRINET.destIpAddr,srcMACAddr=Filter_DIRINET.srcMACAddr</ArgList>
</IncidentDef>
<DynWatchListDef/>
<userRoles>
<roles custId="1">1175150</roles>
</userRoles>
<TriggerEventDisplay>
<AttrList>phRecvTime,categoryType,srcIpAddr,destIpAddr,startTime,msg,extEventId</AttrList>
</TriggerEventDisplay>
</DataRequest>
<DataRequest advanced="true" custId="1" dataCreationType="USER" dbId="1336669" debug="false" entityVersion="139" fireInternalIncident="true" functionCategory="Security" id="1336669" phIncidentCategory="Network" subFunction="PH_RULE_SECURITY_Behavioral_Anomaly" type="Rule">
<Name>Flowmon Flow based behavior patterns/BPATTERNS</Name>
<Description>Flow-based behavior patterns</Description>
<Remediation/>
<CustomerScope groupByEachCustomer="true">
<Include>1</Include>
<Exclude/>
</CustomerScope>
<PatternClause window="300">
<SubPattern id="1336719" name="Filter_BPATTERNS">
<SingleEvtConstr>eventType = "Flowmon-ADS-Flow-based-behavior-patterns"</SingleEvtConstr>
<GroupEvtConstr>COUNT(*) &gt;= 1</GroupEvtConstr>
<GroupByAttr>srcIpAddr,destIpAddr,srcMACAddr</GroupByAttr>
</SubPattern>
</PatternClause>
<IncidentDef eventType="Flowmon_Flow_based_behavior_patterns_BPATTERNS" eventTypeGroup="PH_SYS_EVENT_PH_RULE_SEC" fireFreq="3600" severity="5">
<ArgList>srcIpAddr=Filter_BPATTERNS.srcIpAddr,destIpAddr=Filter_BPATTERNS.destIpAddr,srcMACAddr=Filter_BPATTERNS.srcMACAddr</ArgList>
</IncidentDef>
<DynWatchListDef/>
<userRoles>
<roles custId="1">1175150</roles>
</userRoles>
<TriggerEventDisplay>
<AttrList>phRecvTime,categoryType,srcIpAddr,destIpAddr,startTime,msg,extEventId</AttrList>
</TriggerEventDisplay>
</DataRequest>
<DataRequest advanced="true" custId="1" dataCreationType="USER" dbId="1336658" debug="false" entityVersion="135" fireInternalIncident="true" functionCategory="Performance" id="1336658" phIncidentCategory="Network" subFunction="PH_RULE_PERFORMANCE_Network" type="Rule">
<Name>Flowmon High volume of transferred data/HIGHTRANSF</Name>
<Description>High volume of transferred data</Description>
<Remediation/>
<CustomerScope groupByEachCustomer="true">
<Include>1</Include>
<Exclude/>
</CustomerScope>
<PatternClause window="300">
<SubPattern id="1336708" name="Filter_HIGHTRANSF">
<SingleEvtConstr>eventType = "Flowmon-ADS-High-volume-of-transferred-data"</SingleEvtConstr>
<GroupEvtConstr>COUNT(*) &gt;= 1</GroupEvtConstr>
<GroupByAttr>srcMACAddr,destIpAddr,srcIpAddr</GroupByAttr>
</SubPattern>
</PatternClause>
<IncidentDef eventType="Flowmon_High_volume_of_transferred_data_HIGHTRANSF" eventTypeGroup="PH_SYS_EVENT_PH_RULE_PERF" fireFreq="3600" severity="3">
<ArgList>srcIpAddr=Filter_HIGHTRANSF.srcIpAddr,destIpAddr=Filter_HIGHTRANSF.destIpAddr,srcMACAddr=Filter_HIGHTRANSF.srcMACAddr</ArgList>
</IncidentDef>
<DynWatchListDef/>
<userRoles>
<roles custId="1">1175150</roles>
</userRoles>
<TriggerEventDisplay>
<AttrList>phRecvTime,categoryType,srcIpAddr,destIpAddr,startTime,msg,extEventId</AttrList>
</TriggerEventDisplay>
</DataRequest>
<DataRequest advanced="true" custId="1" dataCreationType="USER" dbId="1336678" debug="false" entityVersion="159" fireInternalIncident="true" functionCategory="Security" id="1336678" phIncidentCategory="Network" subFunction="PH_RULE_SECURITY_Suspicious_Activity" type="Rule">
<Name>Flowmon Honeypot traffic/HONEYPOT</Name>
<Description>Honeypot traffic</Description>
<Remediation/>
<CustomerScope groupByEachCustomer="true">
<Include>1</Include>
<Exclude/>
</CustomerScope>
<PatternClause window="300">
<SubPattern id="1336728" name="Filter_HONEYPOT">
<SingleEvtConstr>eventType = "Flowmon-ADS-Honeypot-traffic"</SingleEvtConstr>
<GroupEvtConstr>COUNT(*) &gt;= 1</GroupEvtConstr>
<GroupByAttr>srcMACAddr,destIpAddr,srcIpAddr</GroupByAttr>
</SubPattern>
</PatternClause>
<IncidentDef eventType="Flowmon_Honeypot_traffic_HONEYPOT" eventTypeGroup="PH_SYS_EVENT_PH_RULE_SEC" fireFreq="3600" severity="8">
<ArgList>srcIpAddr=Filter_HONEYPOT.srcIpAddr,destIpAddr=Filter_HONEYPOT.destIpAddr,srcMACAddr=Filter_HONEYPOT.srcMACAddr</ArgList>
</IncidentDef>
<DynWatchListDef/>
<userRoles>
<roles custId="1">1175150</roles>
</userRoles>
<TriggerEventDisplay>
<AttrList>phRecvTime,categoryType,srcIpAddr,destIpAddr,startTime,msg,extEventId</AttrList>
</TriggerEventDisplay>
</DataRequest>
<DataRequest advanced="true" custId="1" dataCreationType="USER" dbId="1336690" debug="false" entityVersion="183" fireInternalIncident="true" functionCategory="Security" id="1336690" phIncidentCategory="Network" subFunction="PH_RULE_SECURITY_Network" type="Rule">
<Name>Flowmon ICMP anomaly/ICMPANOM</Name>
<Description>ICMP anomaly</Description>
<Remediation/>
<CustomerScope groupByEachCustomer="true">
<Include>1</Include>
<Exclude/>
</CustomerScope>
<PatternClause window="300">
<SubPattern id="1336740" name="Filter_ICMPANOM">
<SingleEvtConstr>eventType = "Flowmon-ADS-ICMP-anomaly"</SingleEvtConstr>
<GroupEvtConstr>COUNT(*) &gt;= 1</GroupEvtConstr>
<GroupByAttr>srcMACAddr,destIpAddr,srcIpAddr</GroupByAttr>
</SubPattern>
</PatternClause>
<IncidentDef eventType="Flowmon_ICMP_anomaly_ICMPANOM" eventTypeGroup="PH_SYS_EVENT_PH_RULE_SEC" fireFreq="3600" severity="4">
<ArgList>srcIpAddr=Filter_ICMPANOM.srcIpAddr,destIpAddr=Filter_ICMPANOM.destIpAddr,srcMACAddr=Filter_ICMPANOM.srcMACAddr</ArgList>
</IncidentDef>
<DynWatchListDef/>
<userRoles>
<roles custId="1">1175150</roles>
</userRoles>
<TriggerEventDisplay>
<AttrList>phRecvTime,categoryType,srcIpAddr,destIpAddr,startTime,msg,extEventId</AttrList>
</TriggerEventDisplay>
</DataRequest>
<DataRequest advanced="true" custId="1" dataCreationType="USER" dbId="1336679" debug="false" entityVersion="161" fireInternalIncident="true" functionCategory="Security" id="1336679" phIncidentCategory="Network" subFunction="PH_RULE_SECURITY_Suspicious_Activity" type="Rule">
<Name>Flowmon IPv6 tunneled traffic/IPV6TUNNEL</Name>
<Description>IPv6 tunneled traffic</Description>
<Remediation/>
<CustomerScope groupByEachCustomer="true">
<Include>1</Include>
<Exclude/>
</CustomerScope>
<PatternClause window="300">
<SubPattern id="1336729" name="Filter_IPV6TUNNEL">
<SingleEvtConstr>eventType = "Flowmon-ADS-IPv6-tunneled-traffic"</SingleEvtConstr>
<GroupEvtConstr>COUNT(*) &gt;= 1</GroupEvtConstr>
<GroupByAttr>srcIpAddr,destIpAddr,srcMACAddr</GroupByAttr>
</SubPattern>
</PatternClause>
<IncidentDef eventType="Flowmon_IPv6_tunneled_traffic_IPV6TUNNEL" eventTypeGroup="PH_SYS_EVENT_PH_RULE_SEC" fireFreq="3600" severity="6">
<ArgList>srcIpAddr=Filter_IPV6TUNNEL.srcIpAddr,destIpAddr=Filter_IPV6TUNNEL.destIpAddr,srcMACAddr=Filter_IPV6TUNNEL.srcMACAddr</ArgList>
</IncidentDef>
<DynWatchListDef/>
<userRoles>
<roles custId="1">1175150</roles>
</userRoles>
<TriggerEventDisplay>
<AttrList>phRecvTime,categoryType,srcIpAddr,destIpAddr,startTime,msg,extEventId</AttrList>
</TriggerEventDisplay>
</DataRequest>
<DataRequest advanced="true" custId="1" dataCreationType="USER" dbId="1336660" debug="false" entityVersion="157" fireInternalIncident="true" functionCategory="Security" id="1336660" phIncidentCategory="Network" subFunction="PH_RULE_SECURITY_Policy_Violation" type="Rule">
<Name>Flowmon Instant messaging traffic/INSTMSG</Name>
<Description>Instant messaging traffic</Description>
<Remediation/>
<CustomerScope groupByEachCustomer="true">
<Include>1</Include>
<Exclude/>
</CustomerScope>
<PatternClause window="300">
<SubPattern id="1336710" name="Filter_INSTMSG">
<SingleEvtConstr>eventType = "Flowmon-ADS-Instant-messaging-traffic"</SingleEvtConstr>
<GroupEvtConstr>COUNT(*) &gt;= 1</GroupEvtConstr>
<GroupByAttr>srcMACAddr,destIpAddr,srcIpAddr</GroupByAttr>
</SubPattern>
</PatternClause>
<IncidentDef eventType="Flowmon_Instant_messaging_traffic_INSTMSG" eventTypeGroup="PH_SYS_EVENT_PH_RULE_SEC" fireFreq="3600" severity="5">
<ArgList>srcIpAddr=Filter_INSTMSG.srcIpAddr,destIpAddr=Filter_INSTMSG.destIpAddr,srcMACAddr=Filter_INSTMSG.srcMACAddr</ArgList>
</IncidentDef>
<DynWatchListDef/>
<userRoles>
<roles custId="1">1175150</roles>
</userRoles>
<TriggerEventDisplay>
<AttrList>phRecvTime,categoryType,srcIpAddr,destIpAddr,startTime,msg,extEventId</AttrList>
</TriggerEventDisplay>
</DataRequest>
<DataRequest advanced="true" custId="1" dataCreationType="USER" dbId="1336656" debug="false" entityVersion="107" fireInternalIncident="true" functionCategory="Performance" id="1336656" phIncidentCategory="Network" subFunction="PH_RULE_PERFORMANCE_Network" type="Rule">
<Name>Flowmon Internet connection utilization anomaly/ICGUARD</Name>
<Description>Flowmon Internet connection utilization anomaly</Description>
<Remediation/>
<CustomerScope groupByEachCustomer="true">
<Include>1</Include>
<Exclude/>
</CustomerScope>
<PatternClause window="300">
<SubPattern id="1336706" name="Filter_ICGUARD">
<SingleEvtConstr>eventType = "Flowmon-ADS-Internet-connection-utilization-anomaly"</SingleEvtConstr>
<GroupEvtConstr>COUNT(*) &gt;= 1</GroupEvtConstr>
<GroupByAttr>srcMACAddr,destIpAddr,srcIpAddr</GroupByAttr>
</SubPattern>
</PatternClause>
<IncidentDef eventType="Flowmon_Internet_connection_utilization_anomaly_ICGUARD" eventTypeGroup="PH_SYS_EVENT_PH_RULE_PERF" fireFreq="3600" severity="3">
<ArgList>srcIpAddr=Filter_ICGUARD.srcIpAddr,destIpAddr=Filter_ICGUARD.destIpAddr,srcMACAddr=Filter_ICGUARD.srcMACAddr</ArgList>
</IncidentDef>
<DynWatchListDef/>
<userRoles>
<roles custId="1">1175150</roles>
</userRoles>
<TriggerEventDisplay>
<AttrList>phRecvTime,categoryType,srcIpAddr,destIpAddr,startTime,msg,extEventId</AttrList>
</TriggerEventDisplay>
</DataRequest>
<DataRequest advanced="true" custId="1" dataCreationType="USER" dbId="1336665" debug="false" entityVersion="127" fireInternalIncident="true" functionCategory="Security" id="1336665" phIncidentCategory="Network" subFunction="PH_RULE_SECURITY_Network" type="Rule">
<Name>Flowmon L3 network anomaly/L3ANOMALY</Name>
<Description>L3 network anomaly</Description>
<Remediation/>
<CustomerScope groupByEachCustomer="true">
<Include>1</Include>
<Exclude/>
</CustomerScope>
<PatternClause window="300">
<SubPattern id="1336715" name="Filter_L3ANOMALY">
<SingleEvtConstr>eventType = "Flowmon-ADS-L3-network-anomaly"</SingleEvtConstr>
<GroupEvtConstr>COUNT(*) &gt;= 1</GroupEvtConstr>
<GroupByAttr>srcMACAddr,destIpAddr,srcIpAddr</GroupByAttr>
</SubPattern>
</PatternClause>
<IncidentDef eventType="Flowmon_L3_network_anomaly_L3ANOMALY" eventTypeGroup="PH_SYS_EVENT_PH_RULE_SEC" fireFreq="3600" severity="7">
<ArgList>srcIpAddr=Filter_L3ANOMALY.srcIpAddr,destIpAddr=Filter_L3ANOMALY.destIpAddr,srcMACAddr=Filter_L3ANOMALY.srcMACAddr</ArgList>
</IncidentDef>
<DynWatchListDef/>
<userRoles>
<roles custId="1">1175150</roles>
</userRoles>
<TriggerEventDisplay>
<AttrList>phRecvTime,categoryType,srcIpAddr,destIpAddr,startTime,msg,extEventId</AttrList>
</TriggerEventDisplay>
</DataRequest>
<DataRequest advanced="true" custId="1" dataCreationType="USER" dbId="1336681" debug="false" entityVersion="165" fireInternalIncident="true" functionCategory="Security" id="1336681" phIncidentCategory="Network" subFunction="PH_RULE_SECURITY_Network" type="Rule">
<Name>Flowmon Multicast traffic/MULTICAST</Name>
<Description>Multicast traffic</Description>
<Remediation/>
<CustomerScope groupByEachCustomer="true">
<Include>1</Include>
<Exclude/>
</CustomerScope>
<PatternClause window="300">
<SubPattern id="1336731" name="Filter_MULTICAST">
<SingleEvtConstr>eventType = "Flowmon-ADS-Multicast-traffic"</SingleEvtConstr>
<GroupEvtConstr>COUNT(*) &gt;= 1</GroupEvtConstr>
<GroupByAttr>srcIpAddr,destIpAddr,srcMACAddr</GroupByAttr>
</SubPattern>
</PatternClause>
<IncidentDef eventType="Flowmon_Multicast_traffic_MULTICAST" eventTypeGroup="PH_SYS_EVENT_PH_RULE_SEC" fireFreq="3600" severity="1">
<ArgList>srcIpAddr=Filter_MULTICAST.srcIpAddr,destIpAddr=Filter_MULTICAST.destIpAddr,srcMACAddr=Filter_MULTICAST.srcMACAddr</ArgList>
</IncidentDef>
<DynWatchListDef/>
<userRoles>
<roles custId="1">1175150</roles>
</userRoles>
<TriggerEventDisplay>
<AttrList>phRecvTime,categoryType,srcIpAddr,destIpAddr,startTime,msg,extEventId</AttrList>
</TriggerEventDisplay>
</DataRequest>
<DataRequest advanced="true" custId="1" dataCreationType="USER" dbId="1336666" debug="false" entityVersion="130" fireInternalIncident="true" functionCategory="Security" id="1336666" phIncidentCategory="Network" subFunction="PH_RULE_SECURITY_Network" type="Rule">
<Name>Flowmon Network Address Translation/NATDET</Name>
<Description>Network Address Translation</Description>
<Remediation/>
<CustomerScope groupByEachCustomer="true">
<Include>1</Include>
<Exclude/>
</CustomerScope>
<PatternClause window="300">
<SubPattern id="1336716" name="Filter_NATDET">
<SingleEvtConstr>eventType = "Flowmon-ADS-Network-Address-Translation"</SingleEvtConstr>
<GroupEvtConstr>COUNT(*) &gt;= 1</GroupEvtConstr>
<GroupByAttr>srcIpAddr,destIpAddr,srcMACAddr</GroupByAttr>
</SubPattern>
</PatternClause>
<IncidentDef eventType="Flowmon_Network_Address_Translation_NATDET" eventTypeGroup="PH_SYS_EVENT_PH_RULE_SEC" fireFreq="3600" severity="4">
<ArgList>srcIpAddr=Filter_NATDET.srcIpAddr,destIpAddr=Filter_NATDET.destIpAddr,srcMACAddr=Filter_NATDET.srcMACAddr</ArgList>
</IncidentDef>
<DynWatchListDef/>
<userRoles>
<roles custId="1">1175150</roles>
</userRoles>
<TriggerEventDisplay>
<AttrList>phRecvTime,categoryType,srcIpAddr,destIpAddr,startTime,msg,extEventId</AttrList>
</TriggerEventDisplay>
</DataRequest>
<DataRequest advanced="true" custId="1" dataCreationType="USER" dbId="1336680" debug="false" entityVersion="163" fireInternalIncident="true" functionCategory="Performance" id="1336680" phIncidentCategory="Network" subFunction="PH_RULE_PERFORMANCE_Network" type="Rule">
<Name>Flowmon Network latency anomaly/LATENCY</Name>
<Description>Network latency anomaly</Description>
<Remediation/>
<CustomerScope groupByEachCustomer="true">
<Include>1</Include>
<Exclude/>
</CustomerScope>
<PatternClause window="300">
<SubPattern id="1336730" name="Filter_LATENCY">
<SingleEvtConstr>eventType = "Flowmon-ADS-Network-latency-anomaly"</SingleEvtConstr>
<GroupEvtConstr>COUNT(*) &gt;= 1</GroupEvtConstr>
<GroupByAttr>srcMACAddr,destIpAddr,srcIpAddr</GroupByAttr>
</SubPattern>
</PatternClause>
<IncidentDef eventType="Flowmon_Network_latency_anomaly_LATENCY" eventTypeGroup="PH_SYS_EVENT_PH_RULE_PERF" fireFreq="3600" severity="2">
<ArgList>srcIpAddr=Filter_LATENCY.srcIpAddr,destIpAddr=Filter_LATENCY.destIpAddr,srcMACAddr=Filter_LATENCY.srcMACAddr</ArgList>
</IncidentDef>
<DynWatchListDef/>
<userRoles>
<roles custId="1">1175150</roles>
</userRoles>
<TriggerEventDisplay>
<AttrList>phRecvTime,categoryType,srcIpAddr,destIpAddr,startTime,msg,extEventId</AttrList>
</TriggerEventDisplay>
</DataRequest>
<DataRequest advanced="true" custId="1" dataCreationType="USER" dbId="1336661" debug="false" entityVersion="168" fireInternalIncident="true" functionCategory="Security" id="1336661" phIncidentCategory="Network" subFunction="PH_RULE_SECURITY_INIT_ACCESS" type="Rule">
<Name>Flowmon New or alien device/ALIENDEV</Name>
<Description>New or alien device</Description>
<Remediation/>
<CustomerScope groupByEachCustomer="true">
<Include>1</Include>
<Exclude/>
</CustomerScope>
<PatternClause window="300">
<SubPattern id="1336711" name="Filter_ALIENDEV">
<SingleEvtConstr>eventType = "Flowmon-ADS-New-or-alien-device"</SingleEvtConstr>
<GroupEvtConstr>COUNT(*) &gt;= 1</GroupEvtConstr>
<GroupByAttr>srcIpAddr,destIpAddr,srcMACAddr</GroupByAttr>
</SubPattern>
</PatternClause>
<IncidentDef eventType="Flowmon_New_or_alien_device_ALIENDEV" eventTypeGroup="PH_SYS_EVENT_PH_RULE_SEC" fireFreq="3600" severity="7">
<ArgList>srcIpAddr=Filter_ALIENDEV.srcIpAddr,destIpAddr=Filter_ALIENDEV.destIpAddr,srcMACAddr=Filter_ALIENDEV.srcMACAddr</ArgList>
</IncidentDef>
<DynWatchListDef/>
<userRoles>
<roles custId="1">1175150</roles>
</userRoles>
<TriggerEventDisplay>
<AttrList>phRecvTime,categoryType,srcIpAddr,destIpAddr,startTime,msg,extEventId</AttrList>
</TriggerEventDisplay>
</DataRequest>
<DataRequest advanced="true" custId="1" dataCreationType="USER" dbId="1336668" debug="false" entityVersion="136" fireInternalIncident="true" functionCategory="Security" id="1336668" phIncidentCategory="Network" subFunction="PH_RULE_SECURITY_Behavioral_Anomaly" type="Rule">
<Name>Flowmon PEERS method/PEERS</Name>
<Description>PEERS method</Description>
<Remediation/>
<CustomerScope groupByEachCustomer="true">
<Include>1</Include>
<Exclude/>
</CustomerScope>
<PatternClause window="300">
<SubPattern id="1336718" name="Filter_PEERS">
<SingleEvtConstr>eventType = "Flowmon-ADS-PEERS-method"</SingleEvtConstr>
<GroupEvtConstr>COUNT(*) &gt;= 1</GroupEvtConstr>
<GroupByAttr>srcIpAddr,destIpAddr,srcMACAddr</GroupByAttr>
</SubPattern>
</PatternClause>
<IncidentDef eventType="Flowmon_PEERS_method_PEERS" eventTypeGroup="PH_SYS_EVENT_PH_RULE_SEC" fireFreq="3600" severity="5">
<ArgList>srcIpAddr=Filter_PEERS.srcIpAddr,destIpAddr=Filter_PEERS.destIpAddr,srcMACAddr=Filter_PEERS.srcMACAddr</ArgList>
</IncidentDef>
<DynWatchListDef/>
<userRoles>
<roles custId="1">1175150</roles>
</userRoles>
<TriggerEventDisplay>
<AttrList>phRecvTime,categoryType,srcIpAddr,destIpAddr,startTime,msg,extEventId</AttrList>
</TriggerEventDisplay>
</DataRequest>
<DataRequest advanced="true" custId="1" dataCreationType="USER" dbId="1336685" debug="false" entityVersion="173" fireInternalIncident="true" functionCategory="Security" id="1336685" phIncidentCategory="Network" subFunction="PH_RULE_SECURITY_Reconnaissance" type="Rule">
<Name>Flowmon Port scanning/SCANS</Name>
<Description>Port scanning</Description>
<Remediation/>
<CustomerScope groupByEachCustomer="true">
<Include>1</Include>
<Exclude/>
</CustomerScope>
<PatternClause window="300">
<SubPattern id="1336735" name="Filter_SCANS">
<SingleEvtConstr>eventType = "Flowmon-ADS-Port-scanning"</SingleEvtConstr>
<GroupEvtConstr>COUNT(*) &gt;= 1</GroupEvtConstr>
<GroupByAttr>srcIpAddr,destIpAddr,srcMACAddr</GroupByAttr>
</SubPattern>
</PatternClause>
<IncidentDef eventType="Flowmon_Port_scanning_SCANS" eventTypeGroup="PH_SYS_EVENT_PH_RULE_SEC" fireFreq="3600" severity="8">
<ArgList>srcIpAddr=Filter_SCANS.srcIpAddr,destIpAddr=Filter_SCANS.destIpAddr,srcMACAddr=Filter_SCANS.srcMACAddr</ArgList>
</IncidentDef>
<DynWatchListDef/>
<userRoles>
<roles custId="1">1175150</roles>
</userRoles>
<TriggerEventDisplay>
<AttrList>phRecvTime,categoryType,srcIpAddr,destIpAddr,startTime,msg,extEventId</AttrList>
</TriggerEventDisplay>
</DataRequest>
<DataRequest advanced="true" custId="1" dataCreationType="USER" dbId="1336682" debug="false" entityVersion="167" fireInternalIncident="true" functionCategory="Security" id="1336682" phIncidentCategory="Network" subFunction="PH_RULE_SECURITY_CRED_ACCESS" type="Rule">
<Name>Flowmon RDP attack/RDPDICT</Name>
<Description>RDP attack</Description>
<Remediation/>
<CustomerScope groupByEachCustomer="true">
<Include>1</Include>
<Exclude/>
</CustomerScope>
<PatternClause window="300">
<SubPattern id="1336732" name="Filter_RDPDICT">
<SingleEvtConstr>eventType = "Flowmon-ADS-RDP-attack"</SingleEvtConstr>
<GroupEvtConstr>COUNT(*) &gt;= 1</GroupEvtConstr>
<GroupByAttr>srcMACAddr,destIpAddr,srcIpAddr</GroupByAttr>
</SubPattern>
</PatternClause>
<IncidentDef eventType="Flowmon_RDP_attack_RDPDICT" eventTypeGroup="PH_SYS_EVENT_PH_RULE_SEC" fireFreq="3600" severity="8">
<ArgList>srcIpAddr=Filter_RDPDICT.srcIpAddr,destIpAddr=Filter_RDPDICT.destIpAddr,srcMACAddr=Filter_RDPDICT.srcMACAddr</ArgList>
</IncidentDef>
<DynWatchListDef/>
<userRoles>
<roles custId="1">1175150</roles>
</userRoles>
<TriggerEventDisplay>
<AttrList>phRecvTime,categoryType,srcIpAddr,destIpAddr,startTime,msg,extEventId</AttrList>
</TriggerEventDisplay>
</DataRequest>
<DataRequest advanced="true" custId="1" dataCreationType="USER" dbId="1336674" debug="false" entityVersion="150" fireInternalIncident="true" functionCategory="Other" id="1336674" phIncidentCategory="Network" subFunction="PH_RULE_Other_VoIP" type="Rule">
<Name>Flowmon SIP floods/SIPFLOOD</Name>
<Description>SIP floods</Description>
<Remediation/>
<CustomerScope groupByEachCustomer="true">
<Include>1</Include>
<Exclude/>
</CustomerScope>
<PatternClause window="300">
<SubPattern id="1336724" name="Filter_SIPFLOOD">
<SingleEvtConstr>eventType = "Flowmon-ADS-SIP-floods"</SingleEvtConstr>
<GroupEvtConstr>COUNT(*) &gt;= 1</GroupEvtConstr>
<GroupByAttr>srcMACAddr,destIpAddr,srcIpAddr</GroupByAttr>
</SubPattern>
</PatternClause>
<IncidentDef eventType="Flowmon_SIP_floods_SIPFLOOD" eventTypeGroup="PH_SYS_EVENT_PH_RULE" fireFreq="3600" severity="6">
<ArgList>srcIpAddr=Filter_SIPFLOOD.srcIpAddr,destIpAddr=Filter_SIPFLOOD.destIpAddr,srcMACAddr=Filter_SIPFLOOD.srcMACAddr</ArgList>
</IncidentDef>
<DynWatchListDef/>
<userRoles>
<roles custId="1">1175150</roles>
</userRoles>
<TriggerEventDisplay>
<AttrList>phRecvTime,categoryType,srcIpAddr,destIpAddr,startTime,msg,extEventId</AttrList>
</TriggerEventDisplay>
</DataRequest>
<DataRequest advanced="true" custId="1" dataCreationType="USER" dbId="1336673" debug="false" entityVersion="148" fireInternalIncident="true" functionCategory="Other" id="1336673" phIncidentCategory="Network" subFunction="PH_RULE_Other_VoIP" type="Rule">
<Name>Flowmon SIP proxy/SIPPROXY</Name>
<Description>SIP proxy</Description>
<Remediation/>
<CustomerScope groupByEachCustomer="true">
<Include>1</Include>
<Exclude/>
</CustomerScope>
<PatternClause window="300">
<SubPattern id="1336723" name="Filter_SIPPROXY">
<SingleEvtConstr>eventType = "Flowmon-ADS-SIP-proxy"</SingleEvtConstr>
<GroupEvtConstr>COUNT(*) &gt;= 1</GroupEvtConstr>
<GroupByAttr>srcIpAddr,destIpAddr,srcMACAddr</GroupByAttr>
</SubPattern>
</PatternClause>
<IncidentDef eventType="Flowmon_SIP_proxy_SIPPROXY" eventTypeGroup="PH_SYS_EVENT_PH_RULE" fireFreq="3600" severity="6">
<ArgList>srcIpAddr=Filter_SIPPROXY.srcIpAddr,destIpAddr=Filter_SIPPROXY.destIpAddr,srcMACAddr=Filter_SIPPROXY.srcMACAddr</ArgList>
</IncidentDef>
<DynWatchListDef/>
<userRoles>
<roles custId="1">1175150</roles>
</userRoles>
<TriggerEventDisplay>
<AttrList>phRecvTime,categoryType,srcIpAddr,destIpAddr,startTime,msg,extEventId</AttrList>
</TriggerEventDisplay>
</DataRequest>
<DataRequest advanced="true" custId="1" dataCreationType="USER" dbId="1336675" debug="false" entityVersion="152" fireInternalIncident="true" functionCategory="Other" id="1336675" phIncidentCategory="Network" subFunction="PH_RULE_Other_VoIP" type="Rule">
<Name>Flowmon SIP scans/SIPSCAN</Name>
<Description>SIP scans</Description>
<Remediation/>
<CustomerScope groupByEachCustomer="true">
<Include>1</Include>
<Exclude/>
</CustomerScope>
<PatternClause window="300">
<SubPattern id="1336725" name="Filter_SIPSCAN">
<SingleEvtConstr>eventType = "Flowmon-ADS-SIP-scans"</SingleEvtConstr>
<GroupEvtConstr>COUNT(*) &gt;= 1</GroupEvtConstr>
<GroupByAttr>srcIpAddr,destIpAddr,srcMACAddr</GroupByAttr>
</SubPattern>
</PatternClause>
<IncidentDef eventType="Flowmon_SIP_scans_SIPSCAN" eventTypeGroup="PH_SYS_EVENT_PH_RULE" fireFreq="3600" severity="6">
<ArgList>srcIpAddr=Filter_SIPSCAN.srcIpAddr,destIpAddr=Filter_SIPSCAN.destIpAddr,srcMACAddr=Filter_SIPSCAN.srcMACAddr</ArgList>
</IncidentDef>
<DynWatchListDef/>
<userRoles>
<roles custId="1">1175150</roles>
</userRoles>
<TriggerEventDisplay>
<AttrList>phRecvTime,categoryType,srcIpAddr,destIpAddr,startTime,msg,extEventId</AttrList>
</TriggerEventDisplay>
</DataRequest>
<DataRequest advanced="true" custId="1" dataCreationType="USER" dbId="1336667" debug="false" entityVersion="133" fireInternalIncident="true" functionCategory="Security" id="1336667" phIncidentCategory="Network" subFunction="PH_RULE_SECURITY_Behavioral_Anomaly" type="Rule">
<Name>Flowmon SMTP anomaly/SMTPANOMALY</Name>
<Description>SMTP anomaly</Description>
<Remediation/>
<CustomerScope groupByEachCustomer="true">
<Include>1</Include>
<Exclude/>
</CustomerScope>
<PatternClause window="300">
<SubPattern id="1336717" name="Filter_SMTPANOMALY">
<SingleEvtConstr>eventType = "Flowmon-ADS-SMTP-anomaly"</SingleEvtConstr>
<GroupEvtConstr>COUNT(*) &gt;= 1</GroupEvtConstr>
<GroupByAttr>srcMACAddr,destIpAddr,srcIpAddr</GroupByAttr>
</SubPattern>
</PatternClause>
<IncidentDef eventType="Flowmon_SMTP_anomaly_SMTPANOMALY" eventTypeGroup="PH_SYS_EVENT_PH_RULE_SEC" fireFreq="3600" severity="8">
<ArgList>srcIpAddr=Filter_SMTPANOMALY.srcIpAddr,destIpAddr=Filter_SMTPANOMALY.destIpAddr,srcMACAddr=Filter_SMTPANOMALY.srcMACAddr</ArgList>
</IncidentDef>
<DynWatchListDef/>
<userRoles>
<roles custId="1">1175150</roles>
</userRoles>
<TriggerEventDisplay>
<AttrList>phRecvTime,categoryType,srcIpAddr,destIpAddr,startTime,msg,extEventId</AttrList>
</TriggerEventDisplay>
</DataRequest>
<DataRequest advanced="true" custId="1" dataCreationType="USER" dbId="1336684" debug="false" entityVersion="171" fireInternalIncident="true" functionCategory="Security" id="1336684" phIncidentCategory="Network" subFunction="PH_RULE_SECURITY_CRED_ACCESS" type="Rule">
<Name>Flowmon SSH attack/SSHDICT</Name>
<Description>SSH attack</Description>
<Remediation/>
<CustomerScope groupByEachCustomer="true">
<Include>1</Include>
<Exclude/>
</CustomerScope>
<PatternClause window="300">
<SubPattern id="1336734" name="Filter_SSHDICT">
<SingleEvtConstr>eventType = "Flowmon-ADS-SSH-attack"</SingleEvtConstr>
<GroupEvtConstr>COUNT(*) &gt;= 1</GroupEvtConstr>
<GroupByAttr>srcMACAddr,destIpAddr,srcIpAddr</GroupByAttr>
</SubPattern>
</PatternClause>
<IncidentDef eventType="Flowmon_SSH_attack_SSHDICT" eventTypeGroup="PH_SYS_EVENT_PH_RULE_SEC" fireFreq="3600" severity="8">
<ArgList>srcIpAddr=Filter_SSHDICT.srcIpAddr,destIpAddr=Filter_SSHDICT.destIpAddr,srcMACAddr=Filter_SSHDICT.srcMACAddr</ArgList>
</IncidentDef>
<DynWatchListDef/>
<userRoles>
<roles custId="1">1175150</roles>
</userRoles>
<TriggerEventDisplay>
<AttrList>phRecvTime,categoryType,srcIpAddr,destIpAddr,startTime,msg,extEventId</AttrList>
</TriggerEventDisplay>
</DataRequest>
<DataRequest advanced="true" custId="1" dataCreationType="USER" dbId="1336691" debug="false" entityVersion="190" fireInternalIncident="true" functionCategory="Availability" id="1336691" phIncidentCategory="Network" subFunction="PH_RULE_Availability_Server" type="Rule">
<Name>Flowmon Service not available/SRVNA</Name>
<Description>Service not available</Description>
<Remediation/>
<CustomerScope groupByEachCustomer="true">
<Include>1</Include>
<Exclude/>
</CustomerScope>
<PatternClause window="300">
<SubPattern id="1336741" name="Filter_SRVNA">
<SingleEvtConstr>eventType = "Flowmon-ADS-Service-not-available"</SingleEvtConstr>
<GroupEvtConstr>COUNT(*) &gt;= 1</GroupEvtConstr>
<GroupByAttr>srcIpAddr,destIpAddr,srcMACAddr</GroupByAttr>
</SubPattern>
</PatternClause>
<IncidentDef eventType="Flowmon_Service_not_available_SRVNA" eventTypeGroup="PH_SYS_EVENT_PH_RULE_AVAIL" fireFreq="3600" severity="3">
<ArgList>srcIpAddr=Filter_SRVNA.srcIpAddr,destIpAddr=Filter_SRVNA.destIpAddr,srcMACAddr=Filter_SRVNA.srcMACAddr</ArgList>
</IncidentDef>
<DynWatchListDef/>
<userRoles>
<roles custId="1">1175150</roles>
</userRoles>
<TriggerEventDisplay>
<AttrList>phRecvTime,categoryType,srcIpAddr,destIpAddr,startTime,msg,extEventId</AttrList>
</TriggerEventDisplay>
</DataRequest>
<DataRequest advanced="true" custId="1" dataCreationType="USER" dbId="1336672" debug="false" entityVersion="146" fireInternalIncident="true" functionCategory="Security" id="1336672" phIncidentCategory="Network" subFunction="PH_RULE_SECURITY_Policy_Violation" type="Rule">
<Name>Flowmon TOR traffic/TOR</Name>
<Description>TOR traffic</Description>
<Remediation/>
<CustomerScope groupByEachCustomer="true">
<Include>1</Include>
<Exclude/>
</CustomerScope>
<PatternClause window="300">
<SubPattern id="1336722" name="Filter_TOR">
<SingleEvtConstr>eventType = "Flowmon-ADS-TOR-traffic"</SingleEvtConstr>
<GroupEvtConstr>COUNT(*) &gt;= 1</GroupEvtConstr>
<GroupByAttr>srcMACAddr,destIpAddr,srcIpAddr</GroupByAttr>
</SubPattern>
</PatternClause>
<IncidentDef eventType="Flowmon_TOR_traffic_TOR" eventTypeGroup="PH_SYS_EVENT_PH_RULE_SEC" fireFreq="3600" severity="8">
<ArgList>srcIpAddr=Filter_TOR.srcIpAddr,destIpAddr=Filter_TOR.destIpAddr,srcMACAddr=Filter_TOR.srcMACAddr</ArgList>
</IncidentDef>
<DynWatchListDef/>
<userRoles>
<roles custId="1">1175150</roles>
</userRoles>
<TriggerEventDisplay>
<AttrList>phRecvTime,categoryType,srcIpAddr,destIpAddr,startTime,msg,extEventId</AttrList>
</TriggerEventDisplay>
</DataRequest>
<DataRequest advanced="true" custId="1" dataCreationType="USER" dbId="1336655" debug="false" entityVersion="90" fireInternalIncident="true" functionCategory="Security" id="1336655" phIncidentCategory="Network" subFunction="PH_RULE_SECURITY_Behavioral_Anomaly" type="Rule">
<Name>Flowmon Target hosts/ports anomaly/DIVCOM</Name>
<Description>Flowmon Target hosts/ports anomaly</Description>
<Remediation/>
<CustomerScope groupByEachCustomer="true">
<Include>1</Include>
<Exclude/>
</CustomerScope>
<PatternClause window="300">
<SubPattern id="1336705" name="Filter_DIVCOM">
<SingleEvtConstr>eventType = "Flowmon-ADS-Target-hosts/ports-anomaly"</SingleEvtConstr>
<GroupEvtConstr>COUNT(*) &gt;= 1</GroupEvtConstr>
<GroupByAttr>srcIpAddr,destIpAddr,srcMACAddr</GroupByAttr>
</SubPattern>
</PatternClause>
<IncidentDef eventType="Flowmon_Target_hosts_ports_anomaly_DIVCOM" eventTypeGroup="PH_SYS_EVENT_PH_RULE_SEC" fireFreq="3600" severity="3">
<ArgList>srcIpAddr=Filter_DIVCOM.srcIpAddr,destIpAddr=Filter_DIVCOM.destIpAddr,srcMACAddr=Filter_DIVCOM.srcMACAddr</ArgList>
</IncidentDef>
<DynWatchListDef/>
<userRoles>
<roles custId="1">1175150</roles>
</userRoles>
<TriggerEventDisplay>
<AttrList>phRecvTime,categoryType,srcIpAddr,destIpAddr,startTime,msg,extEventId</AttrList>
</TriggerEventDisplay>
</DataRequest>
<DataRequest advanced="true" custId="1" dataCreationType="USER" dbId="1336671" debug="false" entityVersion="144" fireInternalIncident="true" functionCategory="Security" id="1336671" phIncidentCategory="Network" subFunction="PH_RULE_SECURITY_Policy_Violation" type="Rule">
<Name>Flowmon TeamViewer traffic/TEAMVIEWER</Name>
<Description>TeamViewer traffic</Description>
<Remediation/>
<CustomerScope groupByEachCustomer="true">
<Include>1</Include>
<Exclude/>
</CustomerScope>
<PatternClause window="300">
<SubPattern id="1336721" name="Filter_TEAMVIEWER">
<SingleEvtConstr>eventType = "Flowmon-ADS-TeamViewer-traffic"</SingleEvtConstr>
<GroupEvtConstr>COUNT(*) &gt;= 1</GroupEvtConstr>
<GroupByAttr>srcIpAddr,destIpAddr,srcMACAddr</GroupByAttr>
</SubPattern>
</PatternClause>
<IncidentDef eventType="Flowmon_TeamViewer_traffic_TEAMVIEWER" eventTypeGroup="PH_SYS_EVENT_PH_RULE_SEC" fireFreq="3600" severity="7">
<ArgList>srcIpAddr=Filter_TEAMVIEWER.srcIpAddr,destIpAddr=Filter_TEAMVIEWER.destIpAddr,srcMACAddr=Filter_TEAMVIEWER.srcMACAddr</ArgList>
</IncidentDef>
<DynWatchListDef/>
<userRoles>
<roles custId="1">1175150</roles>
</userRoles>
<TriggerEventDisplay>
<AttrList>phRecvTime,categoryType,srcIpAddr,destIpAddr,startTime,msg,extEventId</AttrList>
</TriggerEventDisplay>
</DataRequest>
<DataRequest advanced="true" custId="1" dataCreationType="USER" dbId="1336692" debug="false" entityVersion="190" fireInternalIncident="true" functionCategory="Security" id="1336692" phIncidentCategory="Network" subFunction="PH_RULE_SECURITY_Authentication" type="Rule">
<Name>Flowmon Telnet anomaly/TELNET</Name>
<Description>Telnet anomaly</Description>
<Remediation/>
<CustomerScope groupByEachCustomer="true">
<Include>1</Include>
<Exclude/>
</CustomerScope>
<PatternClause window="300">
<SubPattern id="1336742" name="Filter_TELNET">
<SingleEvtConstr>eventType = "Flowmon-ADS-Telnet-anomaly"</SingleEvtConstr>
<GroupEvtConstr>COUNT(*) &gt;= 1</GroupEvtConstr>
<GroupByAttr>srcMACAddr,destIpAddr,srcIpAddr</GroupByAttr>
</SubPattern>
</PatternClause>
<IncidentDef eventType="Flowmon_Telnet_anomaly_TELNET" eventTypeGroup="PH_SYS_EVENT_PH_RULE_SEC" fireFreq="3600" severity="9">
<ArgList>srcIpAddr=Filter_TELNET.srcIpAddr,destIpAddr=Filter_TELNET.destIpAddr,srcMACAddr=Filter_TELNET.srcMACAddr</ArgList>
</IncidentDef>
<DynWatchListDef/>
<userRoles>
<roles custId="1">1175150</roles>
</userRoles>
<TriggerEventDisplay>
<AttrList>phRecvTime,categoryType,srcIpAddr,destIpAddr,startTime,msg,extEventId</AttrList>
</TriggerEventDisplay>
</DataRequest>
<DataRequest advanced="true" custId="1" dataCreationType="USER" dbId="1336659" debug="false" entityVersion="146" fireInternalIncident="true" functionCategory="Security" id="1336659" phIncidentCategory="Network" subFunction="PH_RULE_SECURITY_Policy_Violation" type="Rule">
<Name>Flowmon VPN traffic/VPN</Name>
<Description>VPN traffic</Description>
<Remediation/>
<CustomerScope groupByEachCustomer="true">
<Include>1</Include>
<Exclude/>
</CustomerScope>
<PatternClause window="300">
<SubPattern id="1336709" name="Filter_VPN">
<SingleEvtConstr>eventType = "Flowmon-ADS-VPN-traffic"</SingleEvtConstr>
<GroupEvtConstr>COUNT(*) &gt;= 1</GroupEvtConstr>
<GroupByAttr>srcIpAddr,destIpAddr,srcMACAddr</GroupByAttr>
</SubPattern>
</PatternClause>
<IncidentDef eventType="Flowmon_VPN_traffic_VPN" eventTypeGroup="PH_SYS_EVENT_PH_RULE_SEC" fireFreq="3600" severity="5">
<ArgList>srcIpAddr=Filter_VPN.srcIpAddr,destIpAddr=Filter_VPN.destIpAddr,srcMACAddr=Filter_VPN.srcMACAddr</ArgList>
</IncidentDef>
<DynWatchListDef/>
<userRoles>
<roles custId="1">1175150</roles>
</userRoles>
<TriggerEventDisplay>
<AttrList>phRecvTime,categoryType,srcIpAddr,destIpAddr,startTime,msg,extEventId</AttrList>
</TriggerEventDisplay>
</DataRequest>
<DataRequest advanced="true" custId="1" dataCreationType="USER" dbId="1336693" debug="false" entityVersion="192" fireInternalIncident="true" functionCategory="Other" id="1336693" phIncidentCategory="Network" subFunction="PH_RULE_Other_VoIP" type="Rule">
<Name>Flowmon VoIP traffic/VOIP</Name>
<Description>VoIP traffic</Description>
<Remediation/>
<CustomerScope groupByEachCustomer="true">
<Include>1</Include>
<Exclude/>
</CustomerScope>
<PatternClause window="300">
<SubPattern id="1336743" name="Filter_VOIP">
<SingleEvtConstr>eventType = "Flowmon-ADS-VoIP-traffic"</SingleEvtConstr>
<GroupEvtConstr>COUNT(*) &gt;= 1</GroupEvtConstr>
<GroupByAttr>srcIpAddr,destIpAddr,srcMACAddr</GroupByAttr>
</SubPattern>
</PatternClause>
<IncidentDef eventType="Flowmon_VoIP_traffic_VOIP" eventTypeGroup="PH_SYS_EVENT_PH_RULE" fireFreq="3600" severity="1">
<ArgList>srcIpAddr=Filter_VOIP.srcIpAddr,destIpAddr=Filter_VOIP.destIpAddr,srcMACAddr=Filter_VOIP.srcMACAddr</ArgList>
</IncidentDef>
<DynWatchListDef/>
<userRoles>
<roles custId="1">1175150</roles>
</userRoles>
<TriggerEventDisplay>
<AttrList>phRecvTime,categoryType,srcIpAddr,destIpAddr,startTime,msg,extEventId</AttrList>
</TriggerEventDisplay>
</DataRequest>
<DataRequest advanced="true" custId="1" dataCreationType="USER" dbId="1336664" debug="false" entityVersion="201" fireInternalIncident="true" functionCategory="Security" id="1336664" phIncidentCategory="Network" subFunction="PH_RULE_SECURITY_CRED_ACCESS" type="Rule">
<Name>Flowmon Web form authentication attack/HTTPDICT</Name>
<Description>Web form authentication attack</Description>
<Remediation/>
<CustomerScope groupByEachCustomer="true">
<Include>1</Include>
<Exclude/>
</CustomerScope>
<PatternClause window="300">
<SubPattern id="1336714" name="Filter_HTTPDICT">
<SingleEvtConstr>eventType = "Flowmon-ADS-Web-form-authentication-attack"</SingleEvtConstr>
<GroupEvtConstr>COUNT(*) &gt;= 1</GroupEvtConstr>
<GroupByAttr>srcMACAddr,destIpAddr,srcIpAddr</GroupByAttr>
</SubPattern>
</PatternClause>
<IncidentDef eventType="Flowmon_Web_form_authentication_attack_HTTPDICT" eventTypeGroup="PH_SYS_EVENT_PH_RULE_SEC" fireFreq="3600" severity="6">
<ArgList>srcIpAddr=Filter_HTTPDICT.srcIpAddr,destIpAddr=Filter_HTTPDICT.destIpAddr,srcMACAddr=Filter_HTTPDICT.srcMACAddr</ArgList>
</IncidentDef>
<DynWatchListDef/>
<userRoles>
<roles custId="1">1175150</roles>
</userRoles>
<TriggerEventDisplay>
<AttrList>phRecvTime,categoryType,srcIpAddr,destIpAddr,startTime,msg,extEventId</AttrList>
</TriggerEventDisplay>
</DataRequest>
<DataRequest advanced="true" custId="1" dataCreationType="USER" dbId="1336687" debug="false" entityVersion="177" fireInternalIncident="true" functionCategory="Security" id="1336687" phIncidentCategory="Network" subFunction="PH_RULE_SECURITY_EXFILTRATION" type="Rule">
<Name>Flowmon Web sharing traffic/WEBSHARE</Name>
<Description>Web sharing traffic</Description>
<Remediation/>
<CustomerScope groupByEachCustomer="true">
<Include>1</Include>
<Exclude/>
</CustomerScope>
<PatternClause window="300">
<SubPattern id="1336737" name="Filter_WEBSHARE">
<SingleEvtConstr>eventType = "Flowmon-ADS-Web-sharing-traffic"</SingleEvtConstr>
<GroupEvtConstr>COUNT(*) &gt;= 1</GroupEvtConstr>
<GroupByAttr>srcIpAddr,destIpAddr,srcMACAddr</GroupByAttr>
</SubPattern>
</PatternClause>
<IncidentDef eventType="Flowmon_Web_sharing_traffic_WEBSHARE" eventTypeGroup="PH_SYS_EVENT_PH_RULE_SEC" fireFreq="3600" severity="6">
<ArgList>srcIpAddr=Filter_WEBSHARE.srcIpAddr,destIpAddr=Filter_WEBSHARE.destIpAddr,srcMACAddr=Filter_WEBSHARE.srcMACAddr</ArgList>
</IncidentDef>
<DynWatchListDef/>
<userRoles>
<roles custId="1">1175150</roles>
</userRoles>
<TriggerEventDisplay>
<AttrList>phRecvTime,categoryType,srcIpAddr,destIpAddr,startTime,msg,extEventId</AttrList>
</TriggerEventDisplay>
</DataRequest>
</rules>
